Timestamp,TEA,FLAVOR,MILK,ICE [Ice Level],SWEETNESS [Sweetness Level],Toppings,NAME,,Started,Completed
10/14/2022 16:49:26,SPECIAL,,,,,BOBA,,,FALSE,FALSE
10/20/2022 19:02:40,THAI,,MILK,50%,75%,BOBA,res - coop,,TRUE,TRUE
10/20/2022 19:05:44,SPECIAL,,,,,BOBA,sean,,TRUE,TRUE
10/20/2022 19:06:32,JSMN,,MILK,50%,75%,LYCHEE,helin,,TRUE,TRUE
10/20/2022 19:07:23,SPECIAL,,,,,,katie,,TRUE,TRUE
10/20/2022 19:08:09,TARO,,Soy,,100%,BOBA,andrea,,TRUE,TRUE
10/20/2022 19:09:07,THAI,,MILK,50%,75%,POPPIN,kiara,,TRUE,TRUE
10/20/2022 19:09:33,SPECIAL,,,,,BOBA,liam,,TRUE,TRUE
10/20/2022 19:10:17,SPECIAL,,,,,BOBA,jimin,,TRUE,TRUE
10/20/2022 19:11:35,OLNG,PCH,,25%,25%,BOBA,sophia extra boba,,TRUE,TRUE
10/20/2022 19:12:21,JSMN,"MNGO, PSNFRT",,25%,50%,BOBA,bella,,TRUE,TRUE
10/20/2022 19:13:12,BLK,WNTML,MILK,25%,75%,"BOBA, LYCHEE",anna,,TRUE,TRUE
10/20/2022 19:14:01,SPECIAL,,,,,BOBA,rom,,TRUE,TRUE
10/20/2022 19:15:14,JSMN,,MILK,50%,50%,BOBA,bella,,TRUE,TRUE
10/20/2022 19:15:50,OLNG,"HNY, PCH",,50%,50%,BOBA,joana,,TRUE,TRUE
10/20/2022 19:18:35,BSL,,Almond,50%,100%,BOBA,liz ,,TRUE,TRUE
10/20/2022 19:19:08,JSMN,,MILK,25%,50%,BOBA,anisa,,TRUE,TRUE
10/20/2022 19:20:11,JSMN,PSNFRT,,50%,50%,BOBA,ana,,TRUE,TRUE
10/20/2022 19:22:55,SPECIAL,,,,,BOBA,jason,,TRUE,TRUE
10/20/2022 19:23:10,SPECIAL,,MILK,,,BOBA,res - coop,,TRUE,TRUE
10/20/2022 19:29:11,BLK,WNTML,MILK,0%,50%,"BOBA, LYCHEE",emma,,TRUE,TRUE
10/20/2022 19:30:18,JSMN,"MNGO, PSNFRT",,50%,50%,POPPIN,alex,,TRUE,TRUE
10/20/2022 19:31:08,DTYMTCH,,Almond,,,BOBA,bay,,TRUE,TRUE
10/20/2022 19:32:07,JSMN,"MNGO, PSNFRT",,25%,50%,"BOBA, POPPIN",oluyemisi,,TRUE,TRUE
10/20/2022 19:33:49,BLK,ROSE,MILK,75%,75%,BOBA,annika,,TRUE,TRUE
10/20/2022 19:34:26,JSMN,MNGO,,25%,25%,BOBA,tara,,TRUE,TRUE
10/20/2022 19:39:20,TARO,,Soy,,100%,BOBA,luke,,TRUE,TRUE
10/20/2022 19:40:13,OLNG,,MILK,25%,50%,BOBA,josh,,TRUE,TRUE
10/20/2022 19:40:57,OLNG,,MILK,50%,25%,LYCHEE,kat,,TRUE,TRUE
10/20/2022 19:42:55,SPECIAL,,Almond,,,BOBA,wren,,TRUE,TRUE
10/20/2022 19:44:27,OLNG,,MILK,25%,25%,BOBA,li,,TRUE,TRUE
10/20/2022 19:45:14,BLK,"PSNFRT, PCH",,25%,75%,BOBA,iram,,TRUE,TRUE
10/20/2022 19:46:29,BSL,,"MILK, Oat",,,BOBA,max,,TRUE,TRUE
10/20/2022 19:47:49,JSMN,"MNGO, PSNFRT",,100%,100%,BOBA,Rafael,,TRUE,TRUE
10/20/2022 19:49:03,JSMN,"MNGO, PSNFRT",,25%,50%,BOBA,Kiana,,TRUE,TRUE
10/20/2022 19:49:59,JSMN,"LYCH, ROSE",,25%,75%,BOBA,Jedda,,TRUE,TRUE
10/20/2022 19:50:50,JSMN,"MNGO, PSNFRT",,100%,25%,,Lucy,,TRUE,TRUE
10/20/2022 19:51:11,DTYMTCH,,MILK,,,BOBA,Samuel,,TRUE,TRUE
10/20/2022 19:52:11,JSMN,"MNGO, PSNFRT",,75%,75%,LYCHEE,Claudia,,TRUE,TRUE
10/20/2022 19:53:14,JSMN,"MNGO, PSNFRT",,50%,75%,LYCHEE,Emma,,TRUE,TRUE
10/20/2022 19:53:48,DTYMTCH,,Oat,,,BOBA,Zoe,,TRUE,TRUE
10/20/2022 19:57:33,SPECIAL,,MILK,,,BOBA,Sania,,TRUE,TRUE
10/20/2022 19:58:03,SPECIAL,,MILK,,,BOBA,Lauren,,TRUE,TRUE
10/20/2022 19:58:51,BSL,,Oat,,,BOBA,Brisa,,TRUE,TRUE
10/20/2022 20:00:46,SPECIAL,,MILK,,,BOBA,Eli,,TRUE,TRUE
10/20/2022 20:04:34,SPECIAL,,MILK,,,BOBA,Sue,,TRUE,TRUE
10/20/2022 20:05:38,SPECIAL,,MILK,0%,25%,"BOBA, LYCHEE",Zally,,TRUE,TRUE
10/20/2022 20:06:27,BLK,ROSE,MILK,25%,75%,BOBA,charlotte,,TRUE,TRUE
10/20/2022 20:07:03,BLK,,MILK,50%,50%,BOBA,phyllis ,,TRUE,TRUE
10/20/2022 20:07:41,BLK,,Almond,25%,75%,BOBA,Jacqueline,,TRUE,TRUE
10/20/2022 20:08:27,OLNG,,MILK,50%,100%,BOBA,Leslie,,TRUE,TRUE
10/20/2022 20:09:49,SPECIAL,,MILK,,,BOBA,Maddie,,TRUE,TRUE
10/20/2022 20:10:44,SPECIAL,,MILK,,,BOBA,Jada,,TRUE,TRUE
10/20/2022 20:11:35,SPECIAL,,MILK,,,BOBA,Emma,,TRUE,TRUE
10/20/2022 20:12:09,JSMN,,MILK,50%,50%,BOBA,Isabelle,,TRUE,TRUE
10/20/2022 20:13:10,JSMN,"MNGO, PSNFRT",,100%,100%,"BOBA, LYCHEE",Maya,,TRUE,TRUE
10/20/2022 20:14:32,BSL,,MILK,,,BOBA,Kaylie,,TRUE,TRUE
10/20/2022 20:14:56,BSL,,Almond,,,BOBA,Dylan,,TRUE,TRUE
10/20/2022 20:16:25,OLNG,,MILK,50%,100%,BOBA,Clara (actual milk),,TRUE,TRUE
10/20/2022 20:17:41,SPECIAL,,Oat,50%,,BOBA,Mimi,,TRUE,TRUE
10/20/2022 20:19:10,JSMN,,MILK,100%,25%,BOBA,Alex,,TRUE,TRUE
10/20/2022 20:20:23,TARO,,Oat,100%,25%,BOBA,Taylor,,TRUE,TRUE
10/20/2022 20:21:45,TARO,,MILK,50%,50%,BOBA,Rose,,TRUE,TRUE
10/20/2022 20:22:19,BSL,,MILK,25%,100%,BOBA,Jazz,,TRUE,TRUE
10/20/2022 20:23:11,JSMN,"KQ, LYCH",,100%,100%,BOBA,Faith,,TRUE,TRUE
10/20/2022 20:23:40,JSMN,"MNGO, PSNFRT",,25%,25%,BOBA,Audrey,,TRUE,TRUE
10/20/2022 20:24:24,TARO,,MILK,50%,75%,BOBA,Kenneth,,TRUE,TRUE
10/20/2022 20:25:13,TARO,,MILK,50%,50%,BOBA,Ben,,TRUE,TRUE
10/20/2022 20:25:40,JSMN,ROSE,,50%,25%,LYCHEE,Sebastian,,TRUE,TRUE
10/20/2022 20:26:25,TARO,,MILK,0%,75%,BOBA,Ben,,TRUE,TRUE
10/20/2022 20:27:15,JSMN,,MILK,50%,25%,BOBA,Dylan,,TRUE,TRUE
10/20/2022 20:27:55,JSMN,,MILK,50%,75%,BOBA,Lawrence,,TRUE,TRUE
10/20/2022 20:29:46,SPECIAL,,MILK,,,BOBA,Eunice,,TRUE,TRUE
10/20/2022 20:30:21,JSMN,,MILK,100%,50%,BOBA,Abby,,TRUE,TRUE
10/20/2022 20:30:56,JSMN,,MILK,50%,75%,BOBA,Diana,,TRUE,TRUE
10/20/2022 20:31:27,JSMN,"KQ, LYCH",,50%,50%,BOBA,Olivia 1,,TRUE,TRUE
10/20/2022 20:31:38,JSMN,"KQ, LYCH",,50%,50%,BOBA,Olivia 2,,TRUE,TRUE
10/20/2022 20:32:21,JSMN,MNGO,,25%,50%,BOBA,Anya,,TRUE,TRUE
10/20/2022 20:32:55,BLK,ROSE,MILK,100%,100%,BOBA,Eli,,TRUE,TRUE
10/20/2022 20:33:48,OLNG,,MILK,25%,75%,,Alex,,TRUE,TRUE
10/20/2022 20:34:24,JSMN,"KQ, LYCH",,50%,50%,LYCHEE,Thea,,TRUE,TRUE
10/20/2022 20:35:33,OLNG,"HNY, MNGO",,50%,50%,LYCHEE,Dia,,TRUE,TRUE
10/20/2022 20:36:20,SPECIAL,,,50%,50%,BOBA,Sridha,,TRUE,TRUE
10/20/2022 20:41:14,TARO,,Oat,50%,50%,BOBA,Niketa,,TRUE,TRUE
10/20/2022 20:41:47,JSMN,"MNGO, PSNFRT",,50%,50%,BOBA,Kaitlin,,TRUE,TRUE
10/20/2022 20:42:12,SPECIAL,,MILK,,,BOBA,Alex,,TRUE,TRUE
10/20/2022 20:42:29,SPECIAL,,MILK,,,BOBA,Kim,,TRUE,TRUE
10/20/2022 20:43:37,BSL,,MILK,,,BOBA,Daisy,,TRUE,TRUE
10/20/2022 20:44:05,SPECIAL,,MILK,50%,75%,BOBA,Sky,,TRUE,TRUE
10/20/2022 20:44:38,SPECIAL,,MILK,50%,75%,BOBA,Annika,,TRUE,TRUE
10/20/2022 20:45:13,BLK,ROSE,Oat,25%,100%,BOBA,Zyad,,TRUE,TRUE
10/20/2022 20:46:28,JSMN,,MILK,50%,100%,BOBA,Christine 1,,TRUE,TRUE
10/20/2022 20:46:51,TARO,,MILK,50%,100%,BOBA,Christine 2,,TRUE,TRUE
10/20/2022 20:48:24,SPECIAL,,MILK,,,BOBA,Sarah,,TRUE,TRUE
10/20/2022 20:49:31,MTCH,,MILK,25%,,BOBA,AJ,,TRUE,TRUE
10/20/2022 20:50:53,JSMN,ROSE,MILK,25%,100%,LYCHEE,Dante,,TRUE,TRUE
10/20/2022 20:51:32,TARO,,MILK,100%,100%,BOBA,Ruth,,TRUE,TRUE
10/20/2022 20:52:26,SPECIAL,,MILK,,,BOBA,Ben,,TRUE,TRUE
10/20/2022 20:53:50,MTCH,,MILK,,,BOBA,Evan,,TRUE,TRUE
10/20/2022 20:54:18,MTCH,,Oat,,,BOBA,Ethan,,TRUE,TRUE
10/20/2022 20:54:52,SPECIAL,,MILK,,,BOBA,Gerado,,TRUE,TRUE
10/20/2022 20:55:34,BLK,ROSE,MILK,0%,50%,BOBA,Ulas,,TRUE,TRUE
10/20/2022 20:56:29,BSL,,MILK,0%,50%,BOBA,Serenat,,TRUE,TRUE
10/20/2022 20:57:08,TARO,,MILK,25%,0%,BOBA,Hannah,,TRUE,TRUE
10/20/2022 20:57:35,BLK,,MILK,25%,50%,BOBA,Taylor,,TRUE,TRUE
10/20/2022 20:58:24,OLNG,,MILK,50%,75%,BOBA,Ruthie,,TRUE,TRUE
10/20/2022 20:59:04,JSMN,"MNGO, PSNFRT",,50%,100%,LYCHEE,Sabrina,,TRUE,TRUE
10/20/2022 20:59:46,TARO,,MILK,50%,50%,BOBA,Nikai,,TRUE,TRUE
10/20/2022 21:00:56,JSMN,,MILK,100%,100%,BOBA,Chloe,,TRUE,TRUE
10/20/2022 21:01:45,JSMN,WNTML,MILK,50%,50%,BOBA,Suzanna,,TRUE,TRUE
10/20/2022 21:02:53,JSMN,WNTML,MILK,100%,75%,BOBA,Sam,,TRUE,TRUE
10/20/2022 21:03:32,BLK,"LYCH, PSNFRT",,100%,100%,LYCHEE,Margaret,,TRUE,TRUE
10/20/2022 21:04:21,TARO,,MILK,25%,25%,BOBA,Cindy,,TRUE,TRUE
10/20/2022 21:05:14,JSMN,"MNGO, PSNFRT",,25%,75%,LYCHEE,Emma,,TRUE,TRUE
10/20/2022 21:06:10,TARO,,Oat,0%,25%,BOBA,JP,,TRUE,TRUE
10/20/2022 21:06:56,JSMN,"MNGO, PSNFRT",,0%,50%,BOBA,Max,,TRUE,TRUE
10/20/2022 21:07:23,BSL,,MILK,,,BOBA,Emrys,,TRUE,TRUE
10/20/2022 21:07:59,TARO,,Oat,25%,50%,BOBA,Emily,,TRUE,TRUE
10/20/2022 21:08:51,JSMN,,MILK,25%,50%,BOBA,Amanda,,TRUE,TRUE
10/20/2022 21:09:42,TARO,,MILK,100%,75%,BOBA,Kristy,,TRUE,TRUE
10/20/2022 21:11:41,,,,,,,"Grace (Soy Milk + Chai, Boba Separate Cup)",,TRUE,TRUE
10/20/2022 21:12:23,BSL,,MILK,,,BOBA,Mia,,TRUE,TRUE
10/20/2022 21:12:59,SPECIAL,,MILK,,50%,BOBA,Gabrielle,,TRUE,TRUE
10/20/2022 21:13:59,BLK,,MILK,75%,75%,BOBA,Chau,,TRUE,TRUE
10/20/2022 21:15:09,JSMN,,MILK,50%,50%,BOBA,Mari,,TRUE,TRUE
10/20/2022 21:15:43,TARO,,Almond,0%,75%,BOBA,Carlos ,,TRUE,TRUE
10/20/2022 21:16:23,JSMN,,MILK,75%,75%,BOBA,Zee,,TRUE,TRUE
10/20/2022 21:17:00,BLK,,MILK,75%,50%,BOBA,Serena,,TRUE,TRUE
10/20/2022 21:17:31,MTCH,,Oat,25%,,BOBA,Amy,,TRUE,TRUE
10/20/2022 21:18:38,TARO,,MILK,25%,75%,,Shirley,,TRUE,TRUE
10/20/2022 21:19:34,JSMN,,MILK,25%,75%,BOBA,Mo,,TRUE,TRUE
10/20/2022 21:20:30,SPECIAL,,MILK,,,BOBA,Jessie,,TRUE,TRUE
10/20/2022 21:21:14,JSMN,,MILK,25%,100%,LYCHEE,Akosua,,TRUE,TRUE
10/20/2022 21:26:14,TARO,,MILK,25%,75%,BOBA,Hudson 1,,TRUE,TRUE
10/20/2022 21:26:32,JSMN,,MILK,50%,100%,BOBA,Hudson 2,,TRUE,TRUE
10/20/2022 21:27:29,SPECIAL,,MILK,,,BOBA,Vincent (extra boba),,TRUE,TRUE
10/20/2022 21:27:49,SPECIAL,,MILK,,,BOBA,Josie,,TRUE,TRUE
10/20/2022 21:28:46,SPECIAL,,MILK,,,BOBA,Linshawn 1,,TRUE,TRUE
10/20/2022 21:29:14,JSMN,,MILK,50%,100%,BOBA,Linshawn 2,,TRUE,TRUE
10/20/2022 21:30:14,BSL,,MILK,,,BOBA,Nicole,,TRUE,TRUE
10/20/2022 21:33:38,SPECIAL,,MILK,,,BOBA,Jacob,,TRUE,TRUE
10/20/2022 21:34:37,SPECIAL,,,100%,75%,BOBA,Jel,,TRUE,TRUE
10/20/2022 21:35:06,MTCH,,Almond,,,BOBA,Rosie,,TRUE,TRUE
10/20/2022 21:36:05,BLK,MNGO,,75%,100%,BOBA,Miles 1,,TRUE,TRUE
10/20/2022 21:36:36,JSMN,PSNFRT,,75%,100%,BOBA,Miles 2,,TRUE,TRUE
10/20/2022 21:38:10,JSMN,,MILK,100%,100%,BOBA,Tara,,TRUE,TRUE
10/20/2022 21:38:41,BLK,ROSE,MILK,25%,100%,BOBA,Lauren,,TRUE,TRUE
10/20/2022 21:39:20,BLK,,MILK,100%,100%,BOBA,Connor,,TRUE,TRUE
10/20/2022 21:39:52,TARO,,MILK,25%,25%,BOBA,Will,,TRUE, n
10/25/2022 19:14:23,BLK,,MILK,50%,75%,BOBA,paul,,TRUE,TRUE
10/25/2022 19:15:18,JSMN,,MILK,50%,100%,BOBA,zee,,TRUE,TRUE
10/25/2022 19:16:04,TARO,,MILK,50%,75%,BOBA,kenneth ,,TRUE,TRUE
10/25/2022 19:16:38,TARO,,MILK,50%,50%,LYCHEE,claire ,,TRUE,TRUE
10/25/2022 19:17:32,OLNG,PCH,,0%,100%,BOBA,kayla,,TRUE,TRUE
10/25/2022 19:18:05,THAI,,MILK,0%,75%,BOBA,thira,,TRUE,TRUE
10/25/2022 19:18:46,THAI,,MILK,0%,100%,BOBA,shaun ,,TRUE,TRUE
10/25/2022 19:20:10,OLNG,"HNY, PCH",,50%,50%,LYCHEE,emrys,,TRUE,TRUE
10/25/2022 19:22:45,THAI,,MILK,25%,50%,BOBA,brown sugar - teo ,,TRUE,TRUE
10/25/2022 19:26:57,JSMN,"LYCH, MNGO",,50%,100%,BOBA,michelle,,TRUE,TRUE
10/25/2022 19:27:59,TARO,,Oat,50%,50%,BOBA,michelle 2,,TRUE,TRUE
10/25/2022 19:28:57,SPECIAL,,,100%,50%,BOBA,emily ,,TRUE,TRUE
10/25/2022 19:30:43,JSMN,"KQ, LYCH",,50%,50%,BOBA,deanna ,,TRUE,TRUE
10/25/2022 19:31:23,BLK,ROSE,MILK,25%,75%,BOBA,ash 1 ,,TRUE,TRUE
10/25/2022 19:32:03,JSMN,"MNGO, PSNFRT",,100%,100%,"LYCHEE, POPPIN",ash 2,,TRUE,TRUE
10/25/2022 19:33:30,OLNG,PSNFRT,,25%,25%,BOBA,golda,,TRUE,TRUE
10/25/2022 19:34:18,BLK,PSNFRT,,50%,100%,BOBA,paul ,,TRUE,TRUE
10/25/2022 19:35:20,THAI,,MILK,25%,75%,BOBA,jada ,,TRUE,TRUE
10/25/2022 19:36:01,BSL,,MILK,,,BOBA,devlin,,TRUE,TRUE
10/25/2022 19:36:28,SPECIAL,,,,,BOBA,liam 1,,TRUE,TRUE
10/25/2022 19:36:36,SPECIAL,,,,,BOBA,liam 2 ,,TRUE,TRUE
10/25/2022 19:37:23,JSMN,"LYCH, MNGO",,25%,100%,LYCHEE,mars,,TRUE,TRUE
10/25/2022 19:38:23,JSMN,"KQ, LYCH",,25%,75%,"BOBA, LYCHEE",danny ,,TRUE,TRUE
10/25/2022 19:39:08,JSMN,"MNGO, PSNFRT",,25%,75%,,anaya ,,TRUE,TRUE
10/25/2022 19:40:30,JSMN,"MNGO, PSNFRT",,25%,50%,POPPIN,kim,,TRUE,TRUE
10/25/2022 19:41:44,TARO,,Oat,0%,50%,BOBA,lavi ,,TRUE,TRUE
10/25/2022 19:42:46,BSL,,Oat,,,BOBA,avan ,,TRUE,TRUE
10/25/2022 19:43:28,THAI,,MILK,25%,100%,BOBA,leina ,,TRUE,TRUE
10/25/2022 19:44:23,DTYMTCH,,MILK,,,BOBA,leo,,TRUE,TRUE
10/25/2022 19:45:03,THAI,,MILK,50%,100%,BOBA,rez,,TRUE,TRUE
10/25/2022 19:46:04,BLK,ROSE,MILK,25%,75%,BOBA,leonardo,,TRUE,TRUE
10/25/2022 19:46:36,BLK,,MILK,25%,50%,BOBA,ahmed ,,TRUE,TRUE
10/25/2022 19:47:42,BLK,,MILK,50%,50%,BOBA,silver,,TRUE,TRUE
10/25/2022 19:49:40,BLK,ROSE,MILK,50%,50%,BOBA,katie ,,TRUE,TRUE
10/25/2022 19:50:20,OLNG,,MILK,25%,25%,BOBA,ella ,,TRUE,TRUE
10/25/2022 19:51:27,JSMN,PCH,,50%,50%,LYCHEE,megan 1,,TRUE,TRUE
10/25/2022 19:52:03,OLNG,,MILK,25%,25%,BOBA,max,,TRUE,TRUE
10/25/2022 19:53:27,SPECIAL,,,50%,75%,BOBA,emily ,,TRUE,TRUE
10/25/2022 19:54:14,OLNG,PCH,,75%,50%,LYCHEE,summer,,TRUE,TRUE
10/25/2022 19:55:24,BSL,,MILK,,,BOBA,rom1,,TRUE,TRUE
10/25/2022 19:55:45,SPECIAL,,,,,LYCHEE,rom 2,,TRUE,TRUE
10/25/2022 19:56:46,MTCH,,MILK,,,,extra matcha - han ,,TRUE,TRUE
10/25/2022 19:58:13,JSMN,,MILK,25%,75%,BOBA,tayrn ,,TRUE,TRUE
10/25/2022 19:58:57,OLNG,PCH,,25%,50%,BOBA,evelyn ,,TRUE,TRUE
10/25/2022 19:59:53,BLK,LYCH,,25%,100%,BOBA,allan 1,,TRUE,TRUE
10/25/2022 20:00:17,DTYMTCH,,MILK,,,BOBA,allan 2,,TRUE,TRUE
10/25/2022 20:01:10,TARO,,MILK,100%,100%,BOBA,maddie ,,TRUE,TRUE
10/25/2022 20:01:57,OLNG,LYCH,,50%,50%,BOBA,sarah,,TRUE,TRUE
10/25/2022 20:03:20,BLK,ROSE,MILK,0%,100%,BOBA,extra boba khairat ,,TRUE,TRUE
10/25/2022 20:04:17,JSMN,"MNGO, PSNFRT",,25%,50%,POPPIN,taylor 1,,TRUE,TRUE
10/25/2022 20:05:15,JSMN,"MNGO, PSNFRT",,0%,25%,BOBA,hannah ,,TRUE,TRUE
10/25/2022 20:06:30,BLK,,Almond,25%,75%,BOBA,jacky ,,TRUE,TRUE
10/25/2022 20:07:15,JSMN,,MILK,50%,50%,BOBA,bella ,,TRUE,TRUE
10/25/2022 20:08:12,MTCH,,MILK,,,BOBA,camille 1,,TRUE,TRUE
10/25/2022 20:08:49,JSMN,"MNGO, PSNFRT",,50%,100%,BOBA,camille 2,,TRUE,TRUE
10/25/2022 20:11:12,BSL,,MILK,,,BOBA,jessie,,TRUE,TRUE
10/25/2022 20:11:59,THAI,,MILK,50%,50%,BOBA,taylor ,,TRUE,TRUE
10/25/2022 20:12:26,THAI,,MILK,25%,50%,BOBA,amanda ,,TRUE,TRUE
10/25/2022 20:12:57,OLNG,,Oat,50%,50%,BOBA,endo ,,TRUE,TRUE
10/25/2022 20:13:28,BSL,,MILK,25%,,BOBA,hadley,,TRUE,TRUE
10/25/2022 20:15:19,JSMN,PCH,,25%,50%,,serena ,,TRUE,TRUE
10/25/2022 20:16:18,OLNG,"KQ, PSNFRT",,0%,75%,,emily,,TRUE,TRUE
10/25/2022 20:16:52,BSL,,Oat,,,BOBA,caroline,,TRUE,TRUE
10/25/2022 20:17:42,JSMN,"MNGO, PSNFRT",,100%,100%,,lily,,TRUE,TRUE
10/25/2022 20:18:35,JSMN,,,,,LYCHEE,kate ,,TRUE,TRUE
10/25/2022 20:19:47,BLK,,,0%,50%,BOBA,hannah 1,,TRUE,TRUE
10/25/2022 20:20:15,DTYMTCH,,MILK,,,BOBA,hannah 2,,TRUE,TRUE
10/25/2022 20:21:08,DTYMTCH,,MILK,,,BOBA,natasha ,,TRUE,TRUE
10/25/2022 20:21:55,BSL,,Almond,,,BOBA,ally ,,TRUE,TRUE
10/25/2022 20:22:37,DTYMTCH,,Oat,,,,ryan ,,TRUE,TRUE
10/25/2022 20:24:01,SPECIAL,,,25%,,LYCHEE,phyllis ,,TRUE,TRUE
10/25/2022 20:25:16,TARO,,MILK,0%,75%,BOBA,joy,,TRUE,TRUE
10/25/2022 20:27:17,MTCH,,MILK,,,BOBA,Omar,,TRUE,TRUE
10/25/2022 20:27:36,JSMN,"MNGO, PSNFRT",,100%,100%,POPPIN,Omar 2,,TRUE,TRUE
10/25/2022 20:29:07,THAI,,MILK,25%,75%,BOBA,Lucy,,TRUE,TRUE
10/25/2022 20:30:05,OLNG,"HNY, PCH",,50%,100%,LYCHEE,Mac,,TRUE,TRUE
10/25/2022 20:30:59,JSMN,PSNFRT,,0%,75%,LYCHEE,Emma,,TRUE,TRUE
10/25/2022 20:31:52,JSMN,LYCH,,100%,75%,LYCHEE,Victoria,,TRUE,TRUE
10/25/2022 20:32:43,JSMN,"KQ, LYCH",,25%,75%,BOBA,Serena,,TRUE,TRUE
10/25/2022 20:33:27,BLK,"MNGO, PSNFRT",,100%,75%,BOBA,Anais,,TRUE,TRUE
10/25/2022 20:34:30,SPECIAL,,,50%,50%,BOBA,Zora,,TRUE,TRUE
10/25/2022 20:35:13,JSMN,WNTML,MILK,25%,50%,BOBA,Mellie,,TRUE,TRUE
10/25/2022 20:38:01,OLNG,PCH,,50%,25%,BOBA,Sophia (extra boba),,TRUE,TRUE
10/25/2022 20:38:50,DTYMTCH,,MILK,,,BOBA,Leila,,TRUE,TRUE
10/25/2022 20:39:34,OLNG,"KQ, LYCH",,50%,50%,,Leila 2,,TRUE,TRUE
10/25/2022 20:41:01,OLNG,"KQ, LYCH",,25%,25%,LYCHEE,Ella,,TRUE,TRUE
10/25/2022 20:41:58,TARO,,Oat,50%,50%,BOBA,Jonna,,TRUE,TRUE
10/25/2022 20:42:54,BSL,,MILK,,,BOBA,Eunice,,TRUE,TRUE
10/25/2022 20:43:52,OLNG,,MILK,100%,50%,BOBA,Abby,,TRUE,TRUE
10/25/2022 20:44:44,OLNG,,MILK,50%,100%,BOBA,Leslie 1,,TRUE,TRUE
10/25/2022 20:45:02,TARO,,MILK,50%,75%,BOBA,Leslie 2,,TRUE,TRUE
10/25/2022 20:46:24,BLK,ROSE,MILK,25%,25%,BOBA,Jing,,TRUE,TRUE
10/25/2022 20:47:20,BSL,,MILK,,,BOBA,Timi,,TRUE,TRUE
10/25/2022 20:47:54,BSL,,MILK,,,BOBA,Amara,,TRUE,TRUE
10/25/2022 20:48:55,BLK,,MILK,50%,75%,BOBA,Natalie,,TRUE,TRUE
10/25/2022 20:49:34,TARO,,MILK,50%,50%,BOBA,Claire,,TRUE,TRUE
10/25/2022 20:50:13,THAI,,MILK,50%,50%,BOBA,Ananya,,TRUE,TRUE
10/25/2022 20:51:04,THAI,,MILK,25%,25%,LYCHEE,Victoria,,TRUE,TRUE
10/25/2022 20:51:58,THAI,,MILK,25%,50%,BOBA,Betsua,,TRUE,TRUE
10/25/2022 20:52:09,THAI,,MILK,100%,100%,BOBA,Betsua 2,,TRUE,TRUE
10/25/2022 20:53:20,OLNG,PSNFRT,,25%,50%,BOBA,William,,TRUE,TRUE
10/25/2022 20:54:11,OLNG,WNTML,MILK,50%,50%,,K,,TRUE,TRUE
10/25/2022 20:55:28,OLNG,WNTML,MILK,50%,100%,BOBA,Red 1 (fresh milk),,TRUE,TRUE
10/25/2022 20:55:57,TARO,,MILK,50%,100%,BOBA,Red 2,,TRUE,TRUE
10/25/2022 20:57:11,BLK,ROSE,MILK,50%,25%,BOBA,Emily,,TRUE,TRUE
10/25/2022 20:58:14,BLK,ROSE,MILK,25%,25%,"BOBA, LYCHEE",Rachel,,TRUE,TRUE
10/25/2022 20:59:14,BSL,,MILK,,,BOBA,Brenda,,TRUE,TRUE
10/25/2022 21:00:22,BSL,,MILK,,,LYCHEE,Alexis,,TRUE,TRUE
10/25/2022 21:01:21,OLNG,"HNY, PCH",,25%,50%,LYCHEE,Drea,,TRUE,TRUE
10/25/2022 21:02:04,BLK,ROSE,MILK,25%,25%,POPPIN,DRea 2,,TRUE,TRUE
10/25/2022 21:03:25,BSL,,MILK,,,LYCHEE,Mia,,TRUE,TRUE
10/25/2022 21:04:17,OLNG,,MILK,25%,50%,POPPIN,Gabrielle,,TRUE,TRUE
10/25/2022 21:05:16,THAI,,MILK,100%,100%,,Ellie,,TRUE,TRUE
10/25/2022 21:06:10,BSL,,MILK,,,,Abby,,TRUE,TRUE
10/25/2022 21:06:43,THAI,,MILK,100%,50%,,London,,TRUE,TRUE
10/25/2022 21:07:35,BLK,ROSE,MILK,25%,75%,,Chau,,TRUE,TRUE
10/25/2022 21:15:55,MTCH,,Oat,,,,Taylor,,TRUE,TRUE
10/25/2022 21:18:47,MTCH,,MILK,,,,Youngseo,,TRUE,TRUE
10/25/2022 21:20:13,,,Soy,,,,Luke - Chai BSL,,TRUE,TRUE
10/25/2022 21:24:14,TARO,,MILK,25%,100%,,Nadia,,TRUE,TRUE
10/25/2022 21:24:40,BSL,,MILK,25%,100%,,Haddie,,TRUE,TRUE
10/25/2022 21:25:25,BLK,ROSE,MILK,50%,50%,,Melissa,,TRUE,TRUE
10/25/2022 21:26:20,OLNG,"MNGO, PSNFRT",,,,LYCHEE,Mariana,,TRUE,TRUE
10/25/2022 21:27:13,SPECIAL,,,,,,Julia,,TRUE,TRUE
10/25/2022 21:27:43,SPECIAL,,,,,,Allison,,TRUE,TRUE
10/25/2022 21:28:36,OLNG,"HNY, PCH",,25%,25%,,Eve,,TRUE,TRUE
10/25/2022 21:29:18,OLNG,MNGO,,0%,50%,,Katherine,,TRUE,TRUE
10/25/2022 21:30:21,THAI,,MILK,75%,75%,,Manu,,TRUE,TRUE
10/25/2022 21:32:02,TARO,,MILK,25%,50%,LYCHEE,Eli,,TRUE,TRUE
10/25/2022 21:33:50,OLNG,"LYCH, PSNFRT, PCH",,25%,100%,,Kaylin,,TRUE,TRUE
10/25/2022 21:34:30,DTYMTCH,,MILK,,,,Omaru,,TRUE,TRUE
10/25/2022 21:35:23,TARO,,MILK,25%,100%,,Estella Laboratory,,TRUE,TRUE
10/25/2022 21:38:51,THAI,,MILK,50%,100%,,Zyad,,TRUE,TRUE
10/27/2022 19:08:36,SPECIAL,,,,,BOBA,Rohan,,TRUE,TRUE
10/27/2022 19:09:32,SPECIAL,,,,,BOBA,Matt 1,,TRUE,TRUE
10/27/2022 19:09:45,SPECIAL,,,,,BOBA,Matt 2,,TRUE,TRUE
10/27/2022 19:10:25,SPECIAL,,,,,BOBA,Anna,,TRUE,TRUE
10/27/2022 19:11:11,JSMN,"MNGO, PCH",,100%,100%,BOBA,Kaylin,,TRUE,TRUE
10/27/2022 19:12:02,JSMN,"KQ, MNGO",,50%,50%,BOBA,Desa,,TRUE,TRUE
10/27/2022 19:12:40,TARO,,Oat,50%,25%,BOBA,Hannah,,TRUE,TRUE
10/27/2022 19:13:26,DTYMTCH,,MILK,,,BOBA,Maya,,TRUE,TRUE
10/27/2022 19:14:20,THAI,,MILK,0%,100%,,Elle,,TRUE,TRUE
10/27/2022 19:14:42,JSMN,"MNGO, PSNFRT",,50%,25%,LYCHEE,Richard 1,,TRUE,TRUE
10/27/2022 19:15:03,BLK,PSNFRT,,0%,25%,BOBA,Richard 2,,TRUE,TRUE
10/27/2022 19:16:09,JSMN,"MNGO, PSNFRT",,0%,25%,BOBA,Katrina,,TRUE,TRUE
10/27/2022 19:16:54,OLNG,,MILK,50%,100%,BOBA,Leslie,,TRUE,TRUE
10/27/2022 19:17:34,BLK,ROSE,MILK,25%,50%,BOBA,Uli,,TRUE,TRUE
10/27/2022 19:18:08,JSMN,,MILK,0%,50%,BOBA,Serena,,TRUE,TRUE
10/27/2022 19:19:00,BSL,,MILK,,,BOBA,Daniel,,TRUE,TRUE
10/27/2022 19:19:51,JSMN,"MNGO, PSNFRT",,25%,100%,BOBA,Danny,,TRUE,TRUE
10/27/2022 19:20:41,JSMN,"KQ, LYCH",,50%,50%,BOBA,Jordan 1,,TRUE,TRUE
10/27/2022 19:21:03,JSMN,PCH,,50%,50%,BOBA,Jordan 2,,TRUE,TRUE
10/27/2022 19:21:25,JSMN,PSNFRT,,50%,50%,"BOBA, LYCHEE",Jordan 3,,TRUE,TRUE
10/27/2022 19:23:23,THAI,,MILK,25%,50%,BOBA,Daniel,,TRUE,TRUE
10/27/2022 19:24:13,OLNG,"HNY, PCH",,100%,75%,LYCHEE,Lauren,,TRUE,TRUE
10/27/2022 19:25:08,THAI,,MILK,100%,100%,BOBA,Aiko,,TRUE,TRUE
10/27/2022 19:25:58,JSMN,,MILK,50%,25%,BOBA,Irene,,TRUE,TRUE
10/27/2022 19:26:46,BSL,,,50%,50%,BOBA,Phyllis,,TRUE,TRUE
10/27/2022 19:27:29,BSL,,MILK,,,BOBA,Sam ,,TRUE,TRUE
10/27/2022 19:27:58,SPECIAL,,,,,BOBA,Leina,,TRUE,TRUE
10/27/2022 19:28:36,JSMN,"MNGO, PSNFRT",,25%,75%,LYCHEE,Bianca,,TRUE,TRUE
10/27/2022 19:33:46,THAI,,MILK,25%,75%,BOBA,Bob,,TRUE,TRUE
10/27/2022 19:37:09,BSL,,MILK,,,BOBA,Leo,,TRUE,TRUE
10/27/2022 19:40:51,THAI,,MILK,25%,75%,BOBA,taylor,,TRUE,TRUE
10/27/2022 19:41:27,THAI,,MILK,100%,50%,BOBA,amanda,,TRUE,TRUE
10/27/2022 19:43:58,JSMN,,MILK,50%,50%,BOBA,maria,,TRUE,TRUE
10/27/2022 19:44:58,JSMN,"KQ, LYCH",,25%,50%,POPPIN,verna,,TRUE,TRUE
10/27/2022 19:46:22,JSMN,"PSNFRT, PCH",,25%,75%,,iram,,TRUE,TRUE
10/27/2022 19:47:12,BSL,,MILK,,,BOBA,hadley,,TRUE,TRUE
10/27/2022 19:47:58,JSMN,"KQ, LYCH",,25%,75%,,hannah,,TRUE,TRUE
10/27/2022 19:49:02,TARO,,Oat,,25%,BOBA,kendra,,TRUE,TRUE
10/27/2022 19:49:53,BLK,,MILK,25%,100%,LYCHEE,akosua,,TRUE,TRUE
10/27/2022 19:50:33,JSMN,,MILK,50%,50%,BOBA,bella,,TRUE,TRUE
10/27/2022 19:51:12,SPECIAL,,,,,BOBA,angie 1,,TRUE,TRUE
10/27/2022 19:51:22,SPECIAL,,,,,BOBA,angie 2,,TRUE,TRUE
10/27/2022 19:52:04,BLK,,MILK,75%,75%,BOBA,angie 3,,TRUE,TRUE
10/27/2022 19:53:18,BLK,"LYCH, PSNFRT",,50%,50%,,michelle,,TRUE,TRUE
10/27/2022 19:54:07,TARO,,MILK,25%,75%,BOBA,andrea,,TRUE,TRUE
10/27/2022 19:54:59,SPECIAL,,,,,BOBA,zoe less strawberry,,TRUE,TRUE
10/27/2022 19:57:09,JSMN,WNTML,MILK,50%,50%,BOBA,Emma 1,,TRUE,TRUE
10/27/2022 19:57:40,JSMN,"MNGO, PSNFRT",,50%,50%,POPPIN,Emma 2,,TRUE,TRUE
10/27/2022 19:58:45,JSMN,"MNGO, PSNFRT",,25%,25%,BOBA,Lily,,TRUE,TRUE
10/27/2022 20:03:09,TARO,,MILK,25%,75%,BOBA,Grace,,TRUE,TRUE
10/27/2022 20:05:48,THAI,,Oat,25%,50%,BOBA,endo ,,TRUE,TRUE
10/27/2022 20:06:37,JSMN,"MNGO, PSNFRT",,50%,50%,BOBA,zora ,,TRUE,TRUE
10/27/2022 20:07:06,BSL,,MILK,,,BOBA,emrys ,,TRUE,TRUE
10/27/2022 20:07:56,BLK,ROSE,MILK,0%,100%,BOBA,khairat 1,,TRUE,TRUE
10/27/2022 20:08:10,THAI,,MILK,0%,100%,BOBA,khairat 2 ,,TRUE,TRUE
10/27/2022 20:09:28,BLK,"LYCH, PSNFRT",,25%,100%,LYCHEE,katelyn,,TRUE,TRUE
10/27/2022 20:10:00,SPECIAL,,,,,POPPIN,katie ,,TRUE,TRUE
10/27/2022 20:11:20,MTCH,,MILK,,,BOBA,emilio ,,TRUE,TRUE
10/27/2022 20:12:37,JSMN,"KQ, LYCH",,25%,50%,BOBA,viven ,,TRUE,TRUE
10/27/2022 20:13:29,JSMN,WNTML,MILK,25%,25%,BOBA,david ,,TRUE,TRUE
10/27/2022 20:14:56,SPECIAL,,,,,BOBA,chau ,,TRUE,TRUE
10/27/2022 20:15:56,TARO,,Oat,50%,50%,BOBA,nikita ,,TRUE,TRUE
10/27/2022 20:17:09,TARO,,MILK,50%,50%,BOBA,charlotte ,,TRUE,TRUE
10/27/2022 20:18:03,THAI,,MILK,25%,25%,BOBA,arman ,,TRUE,TRUE
10/27/2022 20:19:37,OLNG,,Soy,25%,100%,BOBA,johnathan ,,TRUE,TRUE
10/27/2022 20:20:23,JSMN,WNTML,Almond,25%,50%,BOBA,ethan ,,TRUE,TRUE
10/27/2022 20:21:30,OLNG,,MILK,25%,100%,BOBA,owen ,,TRUE,TRUE
10/27/2022 20:22:03,TARO,,MILK,50%,100%,BOBA,evan ,,TRUE,TRUE
10/27/2022 20:22:50,TARO,,MILK,50%,75%,BOBA,cameron,,TRUE,TRUE
10/27/2022 20:23:43,BSL,,MILK,25%,,BOBA,arjun ,,TRUE,TRUE
10/27/2022 20:24:20,BLK,,MILK,25%,75%,BOBA,jacky 1,,TRUE,TRUE
10/27/2022 20:25:18,TARO,,MILK,25%,100%,BOBA,rosie 1 ,,TRUE,TRUE
10/27/2022 20:25:43,MTCH,,Almond,,,BOBA,rosie 2 ,,TRUE,TRUE
10/27/2022 20:27:28,BLK,,MILK,25%,100%,BOBA,ava ,,TRUE,TRUE
10/27/2022 20:29:07,TARO,,Soy,0%,0%,BOBA,daniella ,,TRUE,TRUE
10/27/2022 20:29:53,BLK,PSNFRT,,25%,50%,BOBA,luis ,,TRUE,TRUE
10/27/2022 20:30:37,TARO,,Soy,50%,25%,,andrew ,,TRUE,TRUE
10/27/2022 20:31:07,OLNG,,MILK,0%,75%,BOBA,trisha ,,TRUE,TRUE
10/27/2022 20:32:26,OLNG,,MILK,25%,100%,BOBA,natalia ,,TRUE,TRUE
10/27/2022 20:32:51,BSL,,MILK,,,BOBA,thira ,,TRUE,TRUE
10/27/2022 20:33:22,BSL,,MILK,,,BOBA,ishika ,,TRUE,TRUE
10/27/2022 20:34:21,MTCH,,Almond,,,BOBA,sanah ,,TRUE,TRUE
10/27/2022 20:34:54,OLNG,"HNY, PCH",,50%,100%,LYCHEE,jeremy,,TRUE,TRUE
10/27/2022 20:35:39,JSMN,,MILK,25%,100%,BOBA,annalise ,,TRUE,TRUE
10/27/2022 20:36:17,SPECIAL,,,,,BOBA,tabitha ,,TRUE,TRUE
10/27/2022 20:37:30,JSMN,"MNGO, PSNFRT",,50%,50%,LYCHEE,amy ,,TRUE,TRUE
10/27/2022 20:38:37,OLNG,,MILK,0%,50%,BOBA,amy 2 ,,TRUE,TRUE
10/27/2022 20:40:02,JSMN,"MNGO, PSNFRT",,25%,50%,LYCHEE,caleb ,,TRUE,TRUE
10/27/2022 20:40:42,THAI,,MILK,25%,75%,BOBA,aldo ,,TRUE,TRUE
10/27/2022 20:41:52,SPECIAL,,,,,BOBA,ruth ,,TRUE,TRUE
10/27/2022 20:42:30,TARO,,MILK,25%,25%,BOBA,will ,,TRUE,TRUE
10/27/2022 20:44:18,TARO,,MILK,25%,75%,BOBA,anna ,,TRUE,TRUE
10/27/2022 20:44:59,TARO,,Soy,25%,25%,BOBA,amalia ,,TRUE,TRUE
10/27/2022 20:47:09,BSL,,MILK,,,LYCHEE,elle ,,TRUE,TRUE
10/27/2022 20:48:01,BLK,ROSE,MILK,25%,50%,LYCHEE,elle 2,,TRUE,TRUE
10/27/2022 20:49:11,OLNG,,MILK,50%,75%,POPPIN,ruthie ,,TRUE,TRUE
10/27/2022 20:50:55,SPECIAL,,,,,BOBA,sabrina ,,TRUE,TRUE
10/27/2022 20:51:29,THAI,,MILK,50%,50%,BOBA,john ,,TRUE,TRUE
10/27/2022 20:52:48,THAI,,MILK,25%,25%,,Thea,,TRUE,TRUE
10/27/2022 20:53:20,SPECIAL,,,100%,50%,BOBA,Olivia,,TRUE,TRUE
10/27/2022 20:54:16,JSMN,"MNGO, PSNFRT",,25%,50%,POPPIN,kim,,TRUE,TRUE
10/27/2022 20:55:17,JSMN,,MILK,100%,75%,BOBA,amy 1 ,,TRUE,TRUE
10/27/2022 20:55:41,JSMN,PCH,,25%,75%,LYCHEE,amy 2 ,,TRUE,TRUE
10/27/2022 20:55:59,JSMN,PCH,,25%,75%,LYCHEE,amy 3,,TRUE,TRUE
10/27/2022 20:56:59,BLK,ROSE,MILK,50%,75%,"LYCHEE, POPPIN",aj ,,TRUE,TRUE
10/27/2022 20:58:17,TARO,,Oat,50%,50%,BOBA,claire ,,TRUE,TRUE
10/27/2022 20:58:51,JSMN,"MNGO, PSNFRT",,25%,75%,LYCHEE,grace ,,TRUE,TRUE
10/27/2022 20:59:19,SPECIAL,,,,,BOBA,maika,,TRUE,TRUE
10/27/2022 20:59:55,SPECIAL,,,,,BOBA,erin ,,TRUE,TRUE
10/27/2022 21:00:23,SPECIAL,,,,,LYCHEE,alison ,,TRUE,TRUE
10/27/2022 21:01:17,SPECIAL,,,,,POPPIN,mellie,,TRUE,TRUE
10/27/2022 21:02:20,JSMN,,MILK,25%,75%,,sebastian 1,,TRUE,TRUE
10/27/2022 21:03:08,JSMN,,MILK,,,,sebstian 2,,TRUE,TRUE
10/27/2022 21:04:20,BSL,,MILK,,,BOBA,kishore,,TRUE,TRUE
10/27/2022 21:05:15,DTYMTCH,,MILK,25%,,,serena ,,TRUE,TRUE
10/27/2022 21:06:03,BSL,,Almond,,,BOBA,adrian ,,TRUE,TRUE
10/27/2022 21:06:44,THAI,,MILK,50%,50%,BOBA,alexandra ,,TRUE,TRUE
10/27/2022 21:07:15,SPECIAL,,,25%,50%,BOBA,ella ,,TRUE,TRUE
10/27/2022 21:08:02,JSMN,MNGO,,0%,50%,BOBA,zheous ,,TRUE,TRUE
10/27/2022 21:09:23,DTYMTCH,,MILK,,,BOBA,sherya ,,TRUE,TRUE
10/27/2022 21:09:47,DTYMTCH,,MILK,,,BOBA,marcella ,,TRUE,TRUE
10/27/2022 21:10:33,JSMN,PSNFRT,,25%,100%,LYCHEE,cassidy ,,TRUE,TRUE
10/27/2022 21:11:23,BLK,,MILK,50%,50%,BOBA,patrick ,,TRUE,TRUE
10/27/2022 21:12:13,SPECIAL,,,,,BOBA,isabel,,TRUE,TRUE
10/27/2022 21:16:06,SPECIAL,,,50%,100%,BOBA,larissa ,,TRUE,TRUE
10/27/2022 21:23:16,SPECIAL,,,,,BOBA,allan ,,TRUE,TRUE
10/27/2022 21:23:27,SPECIAL,,,,,BOBA,david ,,TRUE,TRUE
10/27/2022 21:25:07,SPECIAL,,,25%,75%,LYCHEE,bella ,,TRUE,TRUE
10/27/2022 21:25:40,SPECIAL,,,25%,100%,BOBA,gerrit 1,,TRUE,TRUE
10/27/2022 21:26:08,SPECIAL,,,25%,75%,BOBA,gerrit 2 ,,TRUE,TRUE
10/27/2022 21:27:28,SPECIAL,,,25%,75%,BOBA,camille ,,TRUE,TRUE
10/27/2022 21:28:47,MTCH,,MILK,,,BOBA,kai ,,TRUE,TRUE
10/27/2022 21:30:00,OLNG,"HNY, PCH",,0%,25%,BOBA,angel ,,TRUE,TRUE
10/27/2022 21:30:31,SPECIAL,,,,,BOBA,kendra 1,,TRUE,TRUE
10/27/2022 21:30:52,THAI,,MILK,25%,100%,BOBA,kendra 2 ,,TRUE,TRUE
10/27/2022 21:32:09,MTCH,,Almond,25%,,BOBA,sultan ,,TRUE,TRUE
10/27/2022 21:32:57,JSMN,MNGO,,25%,50%,BOBA,katelyn ,,TRUE,TRUE
10/27/2022 21:35:09,JSMN,PSNFRT,,0%,50%,LYCHEE,max ,,TRUE,TRUE
10/27/2022 21:37:19,MTCH,,MILK,,,LYCHEE,s.puree - christine ,,TRUE,TRUE
10/27/2022 21:37:58,SPECIAL,,,0%,,,grace,,TRUE,TRUE
10/27/2022 21:38:51,JSMN,WNTML,MILK,50%,50%,LYCHEE,allan ,,TRUE,TRUE
10/27/2022 21:40:38,JSMN,"MNGO, PSNFRT",,,50%,POPPIN,sage ,,TRUE,TRUE
10/27/2022 21:42:47,THAI,,MILK,25%,100%,POPPIN,nick ,,TRUE,TRUE
10/27/2022 21:43:55,JSMN,"KQ, ROSE",,50%,75%,LYCHEE,reia ,,TRUE,TRUE
10/27/2022 21:45:15,JSMN,,MILK,25%,50%,,eleni ,,TRUE,FALSE
10/27/2022 21:46:22,SPECIAL,,,,,,munique ,, c,FALSE
,,,,,,,,,FALSE,FALSE
,,,,,,,,,FALSE,FALSE
,,,,,,,,,FALSE,FALSE
,,,,,,,,,FALSE,FALSE
,,,,,,,,,FALSE,FALSE
,,,,,,,,,FALSE,FALSE
,,,,,,,,,FALSE,FALSE
,,,,,,,,,FALSE,FALSE
,,,,,,,,,FALSE,FALSE
,,,,,,,,,FALSE,FALSE
,,,,,,,,,FALSE,FALSE
,,,,,,,,,FALSE,FALSE
,,,,,,,,,FALSE,FALSE
,,,,,,,,,FALSE,FALSE
,,,,,,,,,FALSE,FALSE
,,,,,,,,,FALSE,FALSE
,,,,,,,,,FALSE,FALSE
,,,,,,,,,FALSE,FALSE
,,,,,,,,,FALSE,FALSE
,,,,,,,,,FALSE,FALSE
,,,,,,,,,FALSE,FALSE
,,,,,,,,,FALSE,FALSE
,,,,,,,,,FALSE,FALSE
,,,,,,,,,FALSE,FALSE
,,,,,,,,,FALSE,FALSE
,,,,,,,,,FALSE,FALSE
,,,,,,,,,FALSE,FALSE
,,,,,,,,,FALSE,FALSE
,,,,,,,,,FALSE,FALSE
,,,,,,,,,FALSE,FALSE
,,,,,,,,,FALSE,FALSE
,,,,,,,,,FALSE,FALSE
,,,,,,,,,FALSE,FALSE
,,,,,,,,,FALSE,FALSE
,,,,,,,,,FALSE,FALSE
,,,,,,,,,FALSE,FALSE
,,,,,,,,,FALSE,FALSE
,,,,,,,,,FALSE,FALSE
,,,,,,,,,FALSE,FALSE
,,,,,,,,,FALSE,FALSE
,,,,,,,,,FALSE,FALSE
,,,,,,,,,FALSE,FALSE
,,,,,,,,,FALSE,FALSE
,,,,,,,,,FALSE,FALSE
,,,,,,,,,FALSE,FALSE
,,,,,,,,,FALSE,FALSE
,,,,,,,,,FALSE,FALSE
,,,,,,,,,FALSE,FALSE
,,,,,,,,,FALSE,FALSE
,,,,,,,,,FALSE,FALSE
,,,,,,,,,FALSE,FALSE
,,,,,,,,,FALSE,FALSE
,,,,,,,,,FALSE,FALSE
,,,,,,,,,FALSE,FALSE
,,,,,,,,,FALSE,FALSE
,,,,,,,,,FALSE,FALSE
,,,,,,,,,FALSE,FALSE
,,,,,,,,,FALSE,FALSE
,,,,,,,,,FALSE,FALSE
,,,,,,,,,FALSE,FALSE
,,,,,,,,,FALSE,FALSE
,,,,,,,,,FALSE,FALSE
,,,,,,,,,FALSE,FALSE
,,,,,,,,,FALSE,FALSE
,,,,,,,,,FALSE,FALSE
,,,,,,,,,FALSE,FALSE
,,,,,,,,,FALSE,FALSE
,,,,,,,,,FALSE,FALSE
,,,,,,,,,FALSE,FALSE
,,,,,,,,,FALSE,FALSE
,,,,,,,,,FALSE,FALSE
,,,,,,,,,FALSE,FALSE
,,,,,,,,,FALSE,FALSE
,,,,,,,,,FALSE,FALSE
,,,,,,,,,FALSE,FALSE
,,,,,,,,,FALSE,FALSE
,,,,,,,,,FALSE,FALSE
,,,,,,,,,FALSE,FALSE
,,,,,,,,,FALSE,FALSE
,,,,,,,,,FALSE,FALSE
,,,,,,,,,FALSE,FALSE
,,,,,,,,,FALSE,FALSE
,,,,,,,,,FALSE,FALSE
,,,,,,,,,FALSE,FALSE
,,,,,,,,,FALSE,FALSE
,,,,,,,,,FALSE,FALSE
,,,,,,,,,FALSE,FALSE
,,,,,,,,,FALSE,FALSE
,,,,,,,,,FALSE,FALSE
,,,,,,,,,FALSE,FALSE
,,,,,,,,,FALSE,FALSE
,,,,,,,,,FALSE,FALSE
,,,,,,,,,FALSE,FALSE
,,,,,,,,,FALSE,FALSE
,,,,,,,,,FALSE,FALSE
,,,,,,,,,FALSE,FALSE
,,,,,,,,,FALSE,FALSE
,,,,,,,,,FALSE,FALSE
,,,,,,,,,FALSE,FALSE
,,,,,,,,,FALSE,FALSE
,,,,,,,,,FALSE,FALSE
,,,,,,,,,FALSE,FALSE
,,,,,,,,,FALSE,FALSE
,,,,,,,,,FALSE,FALSE
,,,,,,,,,FALSE,FALSE
,,,,,,,,,FALSE,FALSE
,,,,,,,,,FALSE,FALSE
,,,,,,,,,FALSE,FALSE
,,,,,,,,,FALSE,FALSE
,,,,,,,,,FALSE,FALSE
,,,,,,,,,FALSE,FALSE
,,,,,,,,,FALSE,FALSE
,,,,,,,,,FALSE,FALSE
,,,,,,,,,FALSE,FALSE